<?xml version="1.0" encoding="UTF-8"?>
<rss version="2.0" xmlns:atom="http://www.w3.org/2005/Atom">
	<channel>
		<title><![CDATA[Actualités psychologue Maubeuge – Burn out, stress au travail Hautmont]]></title>
		<description><![CDATA[Retrouvez les actualités, conseils et recommandations de votre psychologue à Maubeuge Odile Dessailly-Coste.]]></description>
		<language>fr-fr</language>
		<lastBuildDate>Sun, 15 Mar 2020 14:24:44 CET</lastBuildDate>
		<atom:link href="https://www.odc-conseil.fr/rss.xml" rel="self" type="application/rss+xml" />
		<link>https://www.odc-conseil.fr</link>
		<copyright>www.odc-conseil.fr</copyright>
		<item>
			<guid>https://www.odc-conseil.fr/coronavirus-et-consultations-chez-le-psychologue-a-maubeuge_ad66.html</guid>
			<title><![CDATA[Coronavirus et consultations chez le psychologue  à Maubeuge]]></title>
			<link>https://www.odc-conseil.fr/coronavirus-et-consultations-chez-le-psychologue-a-maubeuge_ad66.html</link>
			<description><![CDATA[Dans le contexte de pandémie auquel nous sommes confrontés, la continuité des suivis psychologiques sera assurée au sein du cabinet, situé 208 rue de Maubeuge à Rousies, sauf en cas de ...]]></description>
			<author>contact@www.odc-conseil.fr (www.odc-conseil.fr)</author>
			<pubDate>Sun, 15 Mar 2020 00:00:00 CET</pubDate>
			<enclosure url="https://www.odc-conseil.fr/photos/corona-4901878_1920.jpg" length="52092" type="image/jpeg"></enclosure>
		</item>
		<item>
			<guid>https://www.odc-conseil.fr/la-resilience--c-est-quoi---explications-d-odile-coste--psychologue_ad64.html</guid>
			<title><![CDATA[La résilience, c'est quoi ? Explications d'Odile Coste, psychologue]]></title>
			<link>https://www.odc-conseil.fr/la-resilience--c-est-quoi---explications-d-odile-coste--psychologue_ad64.html</link>
			<description><![CDATA[La résilience est définie comme le fait de "reprendre un développement après une agonie psychique". En d'autres termes, il s'agit de la capacité de l’être humain à retrouver un équilibre ...]]></description>
			<author>contact@www.odc-conseil.fr (www.odc-conseil.fr)</author>
			<pubDate>Mon, 16 Sep 2019 00:00:00 CEST</pubDate>
			<enclosure url="https://www.odc-conseil.fr/photos/green-2551467_1920.jpg" length="38267" type="image/jpeg"></enclosure>
		</item>
		<item>
			<guid>https://www.odc-conseil.fr/atelier-d-initiation-a-la-meditation-de-pleine-conscience--mardi-25-juin-2019_ad60.html</guid>
			<title><![CDATA[Atelier d'initiation à la méditation de Pleine Conscience, mardi 25 juin 2019]]></title>
			<link>https://www.odc-conseil.fr/atelier-d-initiation-a-la-meditation-de-pleine-conscience--mardi-25-juin-2019_ad60.html</link>
			<description><![CDATA[Vivre en Pleine Présence, c’est être pleinement conscient de l’instant, de nos sensations, nos pensées, nos émotions. Cette attitude favorise un état mental qui prémunit contre le stress, ...]]></description>
			<author>contact@www.odc-conseil.fr (www.odc-conseil.fr)</author>
			<pubDate>Mon, 03 Jun 2019 00:00:00 CEST</pubDate>
			<enclosure url="https://www.odc-conseil.fr/photos/meditation-3480815_1920.jpg" length="77318" type="image/jpeg"></enclosure>
		</item>
		<item>
			<guid>https://www.odc-conseil.fr/le-bore-out--de-quoi-parle-t-on---explications-par-odile-coste--psychologue_ad54.html</guid>
			<title><![CDATA[Le bore-out, de quoi parle-t-on ? Explications par Odile Coste, psychologue]]></title>
			<link>https://www.odc-conseil.fr/le-bore-out--de-quoi-parle-t-on---explications-par-odile-coste--psychologue_ad54.html</link>
			<description><![CDATA[L’ennui au travail toucherait 32% des salariés européens. Ceux-ci indiquent dans une étude passer au moins deux heures, si ce n’est toute la journée, à ne rien faire.
Quelle différence ...]]></description>
			<author>contact@www.odc-conseil.fr (www.odc-conseil.fr)</author>
			<pubDate>Tue, 12 Feb 2019 00:00:00 CET</pubDate>
			<enclosure url="https://www.odc-conseil.fr/photos/girl-2786277_1920.jpg" length="137354" type="image/jpeg"></enclosure>
		</item>
		<item>
			<guid>https://www.odc-conseil.fr/atelier-d---initiation-a-la-meditation-de-pleine-conscience--samedi-19-janvier-2019_ad50.html</guid>
			<title><![CDATA[Atelier d’initiation à la méditation de Pleine Conscience, samedi 19 janvier 2019]]></title>
			<link>https://www.odc-conseil.fr/atelier-d---initiation-a-la-meditation-de-pleine-conscience--samedi-19-janvier-2019_ad50.html</link>
			<description><![CDATA[Vivre en Pleine Conscience, c’est être pleinement conscient de l’instant, de nos sensations, nos pensées, nos émotions. Cette attitude favorise un état mental qui prémunit contre le stress, ...]]></description>
			<author>contact@www.odc-conseil.fr (www.odc-conseil.fr)</author>
			<pubDate>Thu, 03 Jan 2019 00:00:00 CET</pubDate>
			<enclosure url="https://www.odc-conseil.fr/photos/meditation-2643790_1920.jpg" length="105155" type="image/jpeg"></enclosure>
		</item>
		<item>
			<guid>https://www.odc-conseil.fr/atelier-d-initiation-a-la-pleine-conscience--24-novembre-2018_ad44.html</guid>
			<title><![CDATA[Atelier d'initiation à la Pleine Conscience, 24 novembre 2018]]></title>
			<link>https://www.odc-conseil.fr/atelier-d-initiation-a-la-pleine-conscience--24-novembre-2018_ad44.html</link>
			<description><![CDATA[Vivre en Pleine Conscience, c’est être pleinement conscient de l’instant, de nos sensations, nos pensées, nos émotions. Cette attitude favorise un état mental qui prémunit contre le stress, ...]]></description>
			<author>contact@www.odc-conseil.fr (www.odc-conseil.fr)</author>
			<pubDate>Tue, 23 Oct 2018 00:00:00 CEST</pubDate>
			<enclosure url="https://www.odc-conseil.fr/photos/calme-1.jpg" length="86431" type="image/jpeg"></enclosure>
		</item>
		<item>
			<guid>https://www.odc-conseil.fr/reunion-decouverte-de-la-pleine-conscience-le-11-octobre-a-maubeuge_ad34.html</guid>
			<title><![CDATA[Réunion découverte de la Pleine Conscience le 11 octobre à Maubeuge]]></title>
			<link>https://www.odc-conseil.fr/reunion-decouverte-de-la-pleine-conscience-le-11-octobre-a-maubeuge_ad34.html</link>
			<description><![CDATA[Apaiser notre mental, ça s'apprend!
Notre esprit nous attire souvent hors du moment présent. Nous avons tendance à ressasser des événements du passé ou à anticiper l’avenir qui n’est pas ...]]></description>
			<author>contact@www.odc-conseil.fr (www.odc-conseil.fr)</author>
			<pubDate>Tue, 11 Sep 2018 00:00:00 CEST</pubDate>
			<enclosure url="https://www.odc-conseil.fr/photos/image.jpg" length="61545" type="image/jpeg"></enclosure>
		</item>
		<item>
			<guid>https://www.odc-conseil.fr/atelier-d-initiation-a-la-pleine-conscience--session-de-novembre-2018_ad40.html</guid>
			<title><![CDATA[Atelier d'initiation à la Pleine Conscience, session de novembre 2018]]></title>
			<link>https://www.odc-conseil.fr/atelier-d-initiation-a-la-pleine-conscience--session-de-novembre-2018_ad40.html</link>
			<description><![CDATA[La pleine conscience, c’est être pleinement conscient de l’instant, de nos sensations, nos pensées, nos émotions. Cette attitude favorise un état mental qui prémunit contre le stress et la ...]]></description>
			<author>contact@www.odc-conseil.fr (www.odc-conseil.fr)</author>
			<pubDate>Tue, 11 Sep 2018 00:00:00 CEST</pubDate>
			<enclosure url="https://www.odc-conseil.fr/photos/calme.jpg" length="86431" type="image/jpeg"></enclosure>
		</item>
		<item>
			<guid>https://www.odc-conseil.fr/transgenre--transsexuel-le---dysphorie-de-genre--de-quoi-parle--t-on--_ad28.html</guid>
			<title><![CDATA[Transgenre, transsexuel(le), dysphorie de genre. De quoi parle -t-on ?]]></title>
			<link>https://www.odc-conseil.fr/transgenre--transsexuel-le---dysphorie-de-genre--de-quoi-parle--t-on--_ad28.html</link>
			<description><![CDATA[La transsexualité représente un sujet méconnu, voire tabou, au sein de notre société.
Contrairement à ce que certaines personnes s'imaginent, on ne choisit pas d'être trans. Etre homme ou ...]]></description>
			<author>contact@www.odc-conseil.fr (www.odc-conseil.fr)</author>
			<pubDate>Mon, 13 Aug 2018 00:00:00 CEST</pubDate>
			<enclosure url="https://www.odc-conseil.fr/photos/trans.jpg" length="35073" type="image/jpeg"></enclosure>
		</item>
		<item>
			<guid>https://www.odc-conseil.fr/---je-me-sens-nul-e------comment-developper-la-confiance-en-soi--apprendre-a-s-aimer-tel-que-l-on-est--_ad23.html</guid>
			<title><![CDATA[« Je me sens nul(e) ».   Comment développer la confiance en soi, apprendre à s'aimer tel que l'on est ?]]></title>
			<link>https://www.odc-conseil.fr/---je-me-sens-nul-e------comment-developper-la-confiance-en-soi--apprendre-a-s-aimer-tel-que-l-on-est--_ad23.html</link>
			<description><![CDATA[Ce qui nous fait du mal est souvent le fait de nous comparer aux autres. Nous sommes des êtres sociaux. Cette comparaison est un phénomène quasi-automatique. Hors nous sommes tous différents et ...]]></description>
			<author>contact@www.odc-conseil.fr (www.odc-conseil.fr)</author>
			<pubDate>Thu, 08 Feb 2018 00:00:00 CET</pubDate>
			<enclosure url="https://www.odc-conseil.fr/photos/self-confidence-2121159_1920.jpg" length="95057" type="image/jpeg"></enclosure>
		</item>
		<item>
			<guid>https://www.odc-conseil.fr/coaching-managerial--quelle-aide-aux-entreprises-sur-maubeuge-et-ses-environs--_ad22.html</guid>
			<title><![CDATA[Coaching managérial, quelle aide aux entreprises sur Maubeuge et ses environs ?]]></title>
			<link>https://www.odc-conseil.fr/coaching-managerial--quelle-aide-aux-entreprises-sur-maubeuge-et-ses-environs--_ad22.html</link>
			<description><![CDATA[Pourquoi  recourir à un coaching de manager ?
Les managers occupent une place stratégique entre la direction et les employés. Pour mener à bien leurs missions,  les managers  doivent pouvoir ...]]></description>
			<author>contact@www.odc-conseil.fr (www.odc-conseil.fr)</author>
			<pubDate>Tue, 16 Jan 2018 00:00:00 CET</pubDate>
			<enclosure url="https://www.odc-conseil.fr/photos/businesswoman-2822607_1920.jpg" length="74635" type="image/jpeg"></enclosure>
		</item>
		<item>
			<guid>https://www.odc-conseil.fr/absenteisme-au-travail--quelles-solutions--_ad21.html</guid>
			<title><![CDATA[Absentéisme au travail, quelles solutions ?]]></title>
			<link>https://www.odc-conseil.fr/absenteisme-au-travail--quelles-solutions--_ad21.html</link>
			<description><![CDATA[L’absentéisme est un phénomène présent dans de nombreuses entreprises industrielles ou de services. Celui-ci génère des coûts importants (frais liés au remplacement du salarié, baisse de ...]]></description>
			<author>contact@www.odc-conseil.fr (www.odc-conseil.fr)</author>
			<pubDate>Wed, 22 Nov 2017 00:00:00 CET</pubDate>
			<enclosure url="https://www.odc-conseil.fr/photos/img_20171122_132644.jpg" length="68065" type="image/jpeg"></enclosure>
		</item>
		<item>
			<guid>https://www.odc-conseil.fr/le-tako-tsubo--syndrome-du-coeur-brise---nouvelle-pathologie-du-travail--_ad20.html</guid>
			<title><![CDATA[Le Tako Tsubo, syndrôme du cœur brisé : nouvelle pathologie du travail ?]]></title>
			<link>https://www.odc-conseil.fr/le-tako-tsubo--syndrome-du-coeur-brise---nouvelle-pathologie-du-travail--_ad20.html</link>
			<description><![CDATA[Qu’est-ce que le Tako Tsubo ?
Appelé aussi cardiomyopathie de stress ou syndrome du cœur brisé, cette pathologie se caractérise par une paralysie transitoire d’une partie du cœur due à ...]]></description>
			<author>contact@www.odc-conseil.fr (www.odc-conseil.fr)</author>
			<pubDate>Thu, 19 Oct 2017 00:00:00 CEST</pubDate>
			<enclosure url="https://www.odc-conseil.fr/photos/broken-heart-2208596_960_720.jpg" length="71024" type="image/jpeg"></enclosure>
		</item>
		<item>
			<guid>https://www.odc-conseil.fr/reforme-du-code-du-travail---qu---est-ce-que-le-comite-social-et-economique-cse--_ad19.html</guid>
			<title><![CDATA[Réforme du code du travail : qu’est-ce que le Comité Social et Economique CSE? ]]></title>
			<link>https://www.odc-conseil.fr/reforme-du-code-du-travail---qu---est-ce-que-le-comite-social-et-economique-cse--_ad19.html</link>
			<description><![CDATA[Le Comité sociale économique CSE est le nom de la future Instance Représentative du Personnel qui fusionne le Comité d’Entreprise, les délégués du personnel DP et le Comité ...]]></description>
			<author>contact@www.odc-conseil.fr (www.odc-conseil.fr)</author>
			<pubDate>Thu, 28 Sep 2017 00:00:00 CEST</pubDate>
		</item>
		<item>
			<guid>https://www.odc-conseil.fr/reprise-du-travail-apres-les-conges-d-ete---comment-eviter-le-stress-de-la-rentree--_ad18.html</guid>
			<title><![CDATA[Reprise du travail après les congés d'été : comment éviter le stress de la rentrée ?]]></title>
			<link>https://www.odc-conseil.fr/reprise-du-travail-apres-les-conges-d-ete---comment-eviter-le-stress-de-la-rentree--_ad18.html</link>
			<description><![CDATA[Pas facile de passer d’une période de liberté à un environnement de contraintes. La reprise peut engendrer coup de blues et stress.
Voici quelques repères pour ne pas laisser le stress de la ...]]></description>
			<author>contact@www.odc-conseil.fr (www.odc-conseil.fr)</author>
			<pubDate>Mon, 28 Aug 2017 00:00:00 CEST</pubDate>
			<enclosure url="https://www.odc-conseil.fr/photos/weer-werken-na-je-verlof.jpg" length="105596" type="image/jpeg"></enclosure>
		</item>
		<item>
			<guid>https://www.odc-conseil.fr/loi-travail---le--compte-de-penibilite---ce-qui-va-changer_ad16.html</guid>
			<title><![CDATA[Loi travail : Le "compte de pénibilité", ce qui va changer]]></title>
			<link>https://www.odc-conseil.fr/loi-travail---le--compte-de-penibilite---ce-qui-va-changer_ad16.html</link>
			<description><![CDATA[Le "compte de pénibilité" deviendra le "compte professionnel de prévention", réforme annoncée par le premier ministre Edouard Philippe le 08 juillet dernier.
Mis en place de façon progressive ...]]></description>
			<author>contact@www.odc-conseil.fr (www.odc-conseil.fr)</author>
			<pubDate>Sat, 19 Aug 2017 00:00:00 CEST</pubDate>
			<enclosure url="https://www.odc-conseil.fr/photos/road-construction-192894__340.jpg" length="55048" type="image/jpeg"></enclosure>
		</item>
		<item>
			<guid>https://www.odc-conseil.fr/qu-est-ce-que-la-psychologie-du-travail-et-des-organisations--_ad17.html</guid>
			<title><![CDATA[Qu'est-ce que la psychologie du travail et des organisations ?]]></title>
			<link>https://www.odc-conseil.fr/qu-est-ce-que-la-psychologie-du-travail-et-des-organisations--_ad17.html</link>
			<description><![CDATA[La psychologie du travail et des organisations
Il s'agit d'une branche de la psychologie qui étudie l’Homme dans son milieu de travail. Elle s’intéresse aux relations entre l’individu et sa ...]]></description>
			<author>contact@www.odc-conseil.fr (www.odc-conseil.fr)</author>
			<pubDate>Sat, 19 Aug 2017 00:00:00 CEST</pubDate>
			<enclosure url="https://www.odc-conseil.fr/photos/equilibre.jpg" length="43373" type="image/jpeg"></enclosure>
		</item>
		<item>
			<guid>https://www.odc-conseil.fr/gerer-son-stress-et-son-anxiete-par-des-exercices-de-relaxation_ad15.html</guid>
			<title><![CDATA[Gérer son stress et son anxiété par des exercices de relaxation]]></title>
			<link>https://www.odc-conseil.fr/gerer-son-stress-et-son-anxiete-par-des-exercices-de-relaxation_ad15.html</link>
			<description><![CDATA[Le stress et l'anxiété peuvent vite nous envahir si nous portons trop attention à nos ruminations et nos pensées anxieuses.
ODC Conseil vous présente deux méthodes efficaces pour faire face ...]]></description>
			<author>contact@www.odc-conseil.fr (www.odc-conseil.fr)</author>
			<pubDate>Mon, 14 Aug 2017 00:00:00 CEST</pubDate>
		</item>
		<item>
			<guid>https://www.odc-conseil.fr/developpez-votre-esprit-positif-au-travail-et-reduisez-votre-stress_ad14.html</guid>
			<title><![CDATA[Développez votre esprit positif au travail et réduisez votre stress]]></title>
			<link>https://www.odc-conseil.fr/developpez-votre-esprit-positif-au-travail-et-reduisez-votre-stress_ad14.html</link>
			<description><![CDATA[Vous  vous sentez stressé au travail. Vous manquez de temps. Ceci se répercute sur votre humeur et vous devenez de plus en plus irritable.
Voici quelques exercices et recommandations permettant ...]]></description>
			<author>contact@www.odc-conseil.fr (www.odc-conseil.fr)</author>
			<pubDate>Fri, 02 Jun 2017 00:00:00 CEST</pubDate>
		</item>
		<item>
			<guid>https://www.odc-conseil.fr/le-droit-a-la-deconnexion-explique-par-votre-psychologue-et-consultante-en-entreprise_ad13.html</guid>
			<title><![CDATA[Le Droit à la déconnexion expliqué par votre psychologue et consultante en entreprise]]></title>
			<link>https://www.odc-conseil.fr/le-droit-a-la-deconnexion-explique-par-votre-psychologue-et-consultante-en-entreprise_ad13.html</link>
			<description><![CDATA[Les outils numériques prennent une place très importante dans le travail.  Il devient  de plus en plus difficile de ne pas consulter ses mails et son téléphone en dehors du temps de travail. ...]]></description>
			<author>contact@www.odc-conseil.fr (www.odc-conseil.fr)</author>
			<pubDate>Thu, 13 Apr 2017 00:00:00 CEST</pubDate>
		</item>
		<item>
			<guid>https://www.odc-conseil.fr/rapport-sur-le-syndrome-d-epuisement-professionnel--le-burnout_ad12.html</guid>
			<title><![CDATA[Rapport sur le syndrome d'épuisement professionnel, le burnout]]></title>
			<link>https://www.odc-conseil.fr/rapport-sur-le-syndrome-d-epuisement-professionnel--le-burnout_ad12.html</link>
			<description><![CDATA[La mission d'information sur le syndrome d'épuisement professionnel a rendu son rapport le 17 février dernier.
La mission parlementaire ne plaide pas en faveur d'une reconnaissance du burnout en ...]]></description>
			<author>contact@www.odc-conseil.fr (www.odc-conseil.fr)</author>
			<pubDate>Thu, 23 Mar 2017 00:00:00 CET</pubDate>
		</item>
		<item>
			<guid>https://www.odc-conseil.fr/semaine-d-information-sur-la-sante-mentale_ad11.html</guid>
			<title><![CDATA[Semaine d'information sur la santé mentale]]></title>
			<link>https://www.odc-conseil.fr/semaine-d-information-sur-la-sante-mentale_ad11.html</link>
			<description><![CDATA[L’édition 2017 des Semaines d’information sur la santé mentale aura lieu du 13 au 26 mars 2017 sur le thème « Santé mentale et travail ».
ODC Conseil participe à la conférence proposée ...]]></description>
			<author>contact@www.odc-conseil.fr (www.odc-conseil.fr)</author>
			<pubDate>Wed, 01 Mar 2017 00:00:00 CET</pubDate>
		</item>
	</channel>
</rss>